file,name,fanIn,fanOut,informationMetric,id
"lib/supabase/server.ts","createClient",10,0,0,"lib/supabase/server.ts#createClient:89-716"
"lib/supabase/server.ts","getAll",0,0,0,"lib/supabase/server.ts#getAll:296-357"
"lib/supabase/server.ts","setAll",0,0,0,"lib/supabase/server.ts#setAll:358-701"
"lib/supabase/server.ts","anonymous",0,0,0,"lib/supabase/server.ts#anonymous:433-500"
"app/api/quizzes/[id]/publish/route.ts","POST",0,1,0,"app/api/quizzes/[id]/publish/route.ts#POST:113-2148"
"app/api/quizzes/[id]/route.ts","GET",0,1,0,"app/api/quizzes/[id]/route.ts#GET:113-1448"
"app/auth/callback/route.ts","GET",0,1,0,"app/auth/callback/route.ts#GET:95-551"
"lib/supabase/client.ts","createClient",8,0,0,"lib/supabase/client.ts#createClient:51-199"
"lib/utils.ts","cn",229,0,0,"lib/utils.ts#cn:85-165"
"components/ui/button.tsx","Button",0,1,0,"components/ui/button.tsx#Button:1734-2107"
"components/ui/card.tsx","Card",0,1,0,"components/ui/card.tsx#Card:64-350"
"components/ui/card.tsx","CardHeader",0,1,0,"components/ui/card.tsx#CardHeader:350-720"
"components/ui/card.tsx","CardTitle",0,1,0,"components/ui/card.tsx#CardTitle:720-937"
"components/ui/card.tsx","CardDescription",0,1,0,"components/ui/card.tsx#CardDescription:937-1169"
"components/ui/card.tsx","CardAction",0,1,0,"components/ui/card.tsx#CardAction:1169-1449"
"components/ui/card.tsx","CardContent",0,1,0,"components/ui/card.tsx#CardContent:1449-1648"
"components/ui/card.tsx","CardFooter",0,1,0,"components/ui/card.tsx#CardFooter:1648-1880"
"components/ui/input.tsx","Input",0,1,0,"components/ui/input.tsx#Input:64-944"
"components/ui/label.tsx","Label",0,1,0,"components/ui/label.tsx#Label:134-593"
"app/auth/login/page.tsx","LoginPage",0,0,0,"app/auth/login/page.tsx#LoginPage:440-3416"
"app/auth/login/page.tsx","handleLogin",0,1,0,"app/auth/login/page.tsx#handleLogin:729-1192"
"app/auth/login/page.tsx","anonymous",0,0,0,"app/auth/login/page.tsx#anonymous:2255-2286"
"app/auth/login/page.tsx","anonymous",0,0,0,"app/auth/login/page.tsx#anonymous:2629-2663"
"app/auth/sign-up/page.tsx","SignUpPage",0,0,0,"app/auth/sign-up/page.tsx#SignUpPage:441-5432"
"app/auth/sign-up/page.tsx","handleSignUp",0,1,0,"app/auth/sign-up/page.tsx#handleSignUp:907-1692"
"app/auth/sign-up/page.tsx","anonymous",0,0,0,"app/auth/sign-up/page.tsx#anonymous:2741-2775"
"app/auth/sign-up/page.tsx","anonymous",0,0,0,"app/auth/sign-up/page.tsx#anonymous:3154-3185"
"app/auth/sign-up/page.tsx","anonymous",0,0,0,"app/auth/sign-up/page.tsx#anonymous:3769-3824"
"app/auth/sign-up/page.tsx","anonymous",0,0,0,"app/auth/sign-up/page.tsx#anonymous:4316-4350"
"app/auth/sign-up/page.tsx","anonymous",0,0,0,"app/auth/sign-up/page.tsx#anonymous:4718-4758"
"app/auth/sign-up-success/page.tsx","SignUpSuccessPage",0,0,0,"app/auth/sign-up-success/page.tsx#SignUpSuccessPage:187-1053"
"app/layout.tsx","RootLayout",0,0,0,"app/layout.tsx#RootLayout:380-632"
"app/page.tsx","Home",0,1,0,"app/page.tsx#Home:95-526"
"components/ui/tabs.tsx","Tabs",0,1,0,"components/ui/tabs.tsx#Tabs:132-370"
"components/ui/tabs.tsx","TabsList",0,1,0,"components/ui/tabs.tsx#TabsList:370-722"
"components/ui/tabs.tsx","TabsTrigger",0,1,0,"components/ui/tabs.tsx#TabsTrigger:722-1658"
"components/ui/tabs.tsx","TabsContent",0,1,0,"components/ui/tabs.tsx#TabsContent:1658-1917"
"components/student/available-quizzes.tsx","AvailableQuizzes",0,0,0,"components/student/available-quizzes.tsx#AvailableQuizzes:367-2255"
"components/student/available-quizzes.tsx","anonymous",0,0,0,"components/student/available-quizzes.tsx#anonymous:1133-2236"
"components/ui/badge.tsx","Badge",0,1,0,"components/ui/badge.tsx#Badge:1253-1598"
"components/student/previous-attempts.tsx","PreviousAttempts",0,0,0,"components/student/previous-attempts.tsx#PreviousAttempts:303-2723"
"components/student/previous-attempts.tsx","anonymous",0,0,0,"components/student/previous-attempts.tsx#anonymous:993-2704"
"components/student/dashboard-content.tsx","StudentDashboardContent",0,1,0,"components/student/dashboard-content.tsx#StudentDashboardContent:854-7147"
"components/student/dashboard-content.tsx","anonymous",0,0,0,"components/student/dashboard-content.tsx#anonymous:1242-1290"
"components/student/dashboard-content.tsx","loadQuizzes",0,0,0,"components/student/dashboard-content.tsx#loadQuizzes:1318-2210"
"components/student/dashboard-content.tsx","anonymous",0,0,0,"components/student/dashboard-content.tsx#anonymous:1756-2086"
"components/student/dashboard-content.tsx","loadAttempts",0,0,0,"components/student/dashboard-content.tsx#loadAttempts:2234-3490"
"components/student/dashboard-content.tsx","anonymous",0,0,0,"components/student/dashboard-content.tsx#anonymous:2675-2942"
"components/student/dashboard-content.tsx","anonymous",0,0,0,"components/student/dashboard-content.tsx#anonymous:3085-3135"
"components/student/dashboard-content.tsx","anonymous",0,0,0,"components/student/dashboard-content.tsx#anonymous:3271-3294"
"components/student/dashboard-content.tsx","handleLogout",0,0,0,"components/student/dashboard-content.tsx#handleLogout:3514-3597"
"components/student/dashboard-content.tsx","anonymous",0,0,0,"components/student/dashboard-content.tsx#anonymous:6633-6672"
"app/student/dashboard/page.tsx","StudentDashboard",0,1,0,"app/student/dashboard/page.tsx#StudentDashboard:176-698"
"app/student/join-quiz/page.tsx","JoinQuizPage",0,1,0,"app/student/join-quiz/page.tsx#JoinQuizPage:455-3301"
"app/student/join-quiz/page.tsx","handleJoin",0,0,0,"app/student/join-quiz/page.tsx#handleJoin:739-1421"
"app/student/join-quiz/page.tsx","anonymous",0,0,0,"app/student/join-quiz/page.tsx#anonymous:1682-1701"
"app/student/join-quiz/page.tsx","anonymous",0,0,0,"app/student/join-quiz/page.tsx#anonymous:2726-2774"
"components/ui/radio-group.tsx","RadioGroup",0,1,0,"components/ui/radio-group.tsx#RadioGroup:187-441"
"components/ui/radio-group.tsx","RadioGroupItem",0,1,0,"components/ui/radio-group.tsx#RadioGroupItem:441-1427"
"components/ui/textarea.tsx","Textarea",0,1,0,"components/ui/textarea.tsx#Textarea:64-738"
"components/ui/alert-dialog.tsx","AlertDialog",0,0,0,"components/ui/alert-dialog.tsx#AlertDialog:203-376"
"components/ui/alert-dialog.tsx","AlertDialogTrigger",0,0,0,"components/ui/alert-dialog.tsx#AlertDialogTrigger:376-580"
"components/ui/alert-dialog.tsx","AlertDialogPortal",0,0,0,"components/ui/alert-dialog.tsx#AlertDialogPortal:580-780"
"components/ui/alert-dialog.tsx","AlertDialogOverlay",0,1,0,"components/ui/alert-dialog.tsx#AlertDialogOverlay:780-1224"
"components/ui/alert-dialog.tsx","AlertDialogContent",0,1,0,"components/ui/alert-dialog.tsx#AlertDialogContent:1224-1975"
"components/ui/alert-dialog.tsx","AlertDialogHeader",0,1,0,"components/ui/alert-dialog.tsx#AlertDialogHeader:1975-2231"
"components/ui/alert-dialog.tsx","AlertDialogFooter",0,1,0,"components/ui/alert-dialog.tsx#AlertDialogFooter:2231-2522"
"components/ui/alert-dialog.tsx","AlertDialogTitle",0,1,0,"components/ui/alert-dialog.tsx#AlertDialogTitle:2522-2804"
"components/ui/alert-dialog.tsx","AlertDialogDescription",0,1,0,"components/ui/alert-dialog.tsx#AlertDialogDescription:2804-3118"
"components/ui/alert-dialog.tsx","AlertDialogAction",0,1,0,"components/ui/alert-dialog.tsx#AlertDialogAction:3118-3359"
"components/ui/alert-dialog.tsx","AlertDialogCancel",0,1,0,"components/ui/alert-dialog.tsx#AlertDialogCancel:3359-3622"
"components/student/quiz-interface.tsx","QuizInterface",0,1,0,"components/student/quiz-interface.tsx#QuizInterface:1183-13143"
"components/student/quiz-interface.tsx","anonymous",0,0,0,"components/student/quiz-interface.tsx#anonymous:1686-1895"
"components/student/quiz-interface.tsx","anonymous",0,0,0,"components/student/quiz-interface.tsx#anonymous:1794-1845"
"components/student/quiz-interface.tsx","anonymous",0,0,0,"components/student/quiz-interface.tsx#anonymous:1820-1838"
"components/student/quiz-interface.tsx","anonymous",0,0,0,"components/student/quiz-interface.tsx#anonymous:1864-1891"
"components/student/quiz-interface.tsx","anonymous",0,0,0,"components/student/quiz-interface.tsx#anonymous:1955-1994"
"components/student/quiz-interface.tsx","formatTime",0,0,0,"components/student/quiz-interface.tsx#formatTime:2063-2338"
"components/student/quiz-interface.tsx","anonymous",0,0,0,"components/student/quiz-interface.tsx#anonymous:2381-2598"
"components/student/quiz-interface.tsx","anonymous",0,0,0,"components/student/quiz-interface.tsx#anonymous:2435-2503"
"components/student/quiz-interface.tsx","anonymous",0,0,0,"components/student/quiz-interface.tsx#anonymous:2524-2591"
"components/student/quiz-interface.tsx","handleSubmitQuiz",0,0,0,"components/student/quiz-interface.tsx#handleSubmitQuiz:2651-4661"
"components/student/quiz-interface.tsx","anonymous",0,0,0,"components/student/quiz-interface.tsx#anonymous:3238-3271"
"components/student/quiz-interface.tsx","gradeAnswer",0,0,0,"components/student/quiz-interface.tsx#gradeAnswer:4684-6219"
"components/student/quiz-interface.tsx","anonymous",0,0,0,"components/student/quiz-interface.tsx#anonymous:4982-5008"
"components/student/quiz-interface.tsx","anonymous",0,0,0,"components/student/quiz-interface.tsx#anonymous:5299-5335"
"components/student/quiz-interface.tsx","anonymous",0,0,0,"components/student/quiz-interface.tsx#anonymous:8506-8545"
"components/student/quiz-interface.tsx","anonymous",0,0,0,"components/student/quiz-interface.tsx#anonymous:8578-9003"
"components/student/quiz-interface.tsx","anonymous",0,0,0,"components/student/quiz-interface.tsx#anonymous:10253-10294"
"components/student/quiz-interface.tsx","anonymous",0,0,0,"components/student/quiz-interface.tsx#anonymous:10738-11325"
"components/student/quiz-interface.tsx","anonymous",0,0,0,"components/student/quiz-interface.tsx#anonymous:10826-10855"
"components/student/quiz-interface.tsx","anonymous",0,0,0,"components/student/quiz-interface.tsx#anonymous:11455-11513"
"components/student/quiz-interface.tsx","anonymous",0,0,0,"components/student/quiz-interface.tsx#anonymous:11729-11806"
"app/student/quiz/[id]/page.tsx","QuizPage",0,1,0,"app/student/quiz/[id]/page.tsx#QuizPage:163-1288"
"components/student/quiz-results.tsx","QuizResults",0,0,0,"components/student/quiz-results.tsx#QuizResults:818-6803"
"components/student/quiz-results.tsx","getAnswerDisplayText",0,0,0,"components/student/quiz-results.tsx#getAnswerDisplayText:1292-1868"
"components/student/quiz-results.tsx","anonymous",0,0,0,"components/student/quiz-results.tsx#anonymous:1530-1563"
"components/student/quiz-results.tsx","getCorrectAnswerDisplayText",0,0,0,"components/student/quiz-results.tsx#getCorrectAnswerDisplayText:1907-2832"
"components/student/quiz-results.tsx","anonymous",0,0,0,"components/student/quiz-results.tsx#anonymous:2139-2182"
"components/student/quiz-results.tsx","anonymous",0,0,0,"components/student/quiz-results.tsx#anonymous:2358-2469"
"components/student/quiz-results.tsx","anonymous",0,0,0,"components/student/quiz-results.tsx#anonymous:4092-4111"
"components/student/quiz-results.tsx","anonymous",0,0,0,"components/student/quiz-results.tsx#anonymous:4273-4292"
"components/student/quiz-results.tsx","anonymous",0,0,0,"components/student/quiz-results.tsx#anonymous:5012-6349"
"app/student/quiz/[id]/results/page.tsx","ResultsPage",0,1,0,"app/student/quiz/[id]/results/page.tsx#ResultsPage:159-1444"
"components/teacher/quiz-list.tsx","QuizList",0,0,0,"components/teacher/quiz-list.tsx#QuizList:466-3208"
"components/teacher/quiz-list.tsx","anonymous",0,0,0,"components/teacher/quiz-list.tsx#anonymous:1220-3189"
"components/ui/select.tsx","Select",0,0,0,"components/ui/select.tsx#Select:209-361"
"components/ui/select.tsx","SelectGroup",0,0,0,"components/ui/select.tsx#SelectGroup:361-526"
"components/ui/select.tsx","SelectValue",0,0,0,"components/ui/select.tsx#SelectValue:526-691"
"components/ui/select.tsx","SelectTrigger",0,1,0,"components/ui/select.tsx#SelectTrigger:691-2035"
"components/ui/select.tsx","SelectContent",0,1,0,"components/ui/select.tsx#SelectContent:2035-3593"
"components/ui/select.tsx","SelectLabel",0,1,0,"components/ui/select.tsx#SelectLabel:3593-3874"
"components/ui/select.tsx","SelectItem",0,1,0,"components/ui/select.tsx#SelectItem:3874-4891"
"components/ui/select.tsx","SelectSeparator",0,1,0,"components/ui/select.tsx#SelectSeparator:4891-5192"
"components/ui/select.tsx","SelectScrollUpButton",0,1,0,"components/ui/select.tsx#SelectScrollUpButton:5192-5627"
"components/ui/select.tsx","SelectScrollDownButton",0,1,0,"components/ui/select.tsx#SelectScrollDownButton:5627-6074"
"components/teacher/question-editor.tsx","QuestionEditor",0,0,0,"components/teacher/question-editor.tsx#QuestionEditor:1002-9472"
"components/teacher/question-editor.tsx","handleSave",0,0,0,"components/teacher/question-editor.tsx#handleSave:1576-2310"
"components/teacher/question-editor.tsx","handleAddOption",0,0,0,"components/teacher/question-editor.tsx#handleAddOption:2337-2524"
"components/teacher/question-editor.tsx","handleUpdateOption",0,0,0,"components/teacher/question-editor.tsx#handleUpdateOption:2554-2757"
"components/teacher/question-editor.tsx","handleRemoveOption",0,0,0,"components/teacher/question-editor.tsx#handleRemoveOption:2787-2866"
"components/teacher/question-editor.tsx","anonymous",0,0,0,"components/teacher/question-editor.tsx#anonymous:2839-2860"
"components/teacher/question-editor.tsx","anonymous",0,0,0,"components/teacher/question-editor.tsx#anonymous:2968-2993"
"components/teacher/question-editor.tsx","anonymous",0,0,0,"components/teacher/question-editor.tsx#anonymous:3769-3867"
"components/teacher/question-editor.tsx","anonymous",0,0,0,"components/teacher/question-editor.tsx#anonymous:4555-4582"
"components/teacher/question-editor.tsx","anonymous",0,0,0,"components/teacher/question-editor.tsx#anonymous:5093-5131"
"components/teacher/question-editor.tsx","anonymous",0,0,0,"components/teacher/question-editor.tsx#anonymous:6246-6278"
"components/teacher/question-editor.tsx","anonymous",0,0,0,"components/teacher/question-editor.tsx#anonymous:6620-7732"
"components/teacher/question-editor.tsx","anonymous",0,0,0,"components/teacher/question-editor.tsx#anonymous:6812-6860"
"components/teacher/question-editor.tsx","anonymous",0,0,0,"components/teacher/question-editor.tsx#anonymous:7127-7160"
"components/teacher/question-editor.tsx","anonymous",0,0,0,"components/teacher/question-editor.tsx#anonymous:7467-7498"
"components/teacher/question-editor.tsx","anonymous",0,0,0,"components/teacher/question-editor.tsx#anonymous:8250-8280"
"components/teacher/question-editor.tsx","anonymous",0,0,0,"components/teacher/question-editor.tsx#anonymous:8501-8532"
"components/teacher/question-editor.tsx","anonymous",0,0,0,"components/teacher/question-editor.tsx#anonymous:8961-9000"
"components/teacher/question-editor.tsx","anonymous",0,0,0,"components/teacher/question-editor.tsx#anonymous:9299-9325"
"components/teacher/create-quiz-modal.tsx","CreateQuizModal",0,1,0,"components/teacher/create-quiz-modal.tsx#CreateQuizModal:879-9409"
"components/teacher/create-quiz-modal.tsx","handleAddQuestion",0,0,0,"components/teacher/create-quiz-modal.tsx#handleAddQuestion:1450-1906"
"components/teacher/create-quiz-modal.tsx","handleUpdateQuestion",0,0,0,"components/teacher/create-quiz-modal.tsx#handleUpdateQuestion:1938-2067"
"components/teacher/create-quiz-modal.tsx","anonymous",0,0,0,"components/teacher/create-quiz-modal.tsx#anonymous:2003-2061"
"components/teacher/create-quiz-modal.tsx","handleDeleteQuestion",0,0,0,"components/teacher/create-quiz-modal.tsx#handleDeleteQuestion:2099-2192"
"components/teacher/create-quiz-modal.tsx","anonymous",0,0,0,"components/teacher/create-quiz-modal.tsx#anonymous:2160-2186"
"components/teacher/create-quiz-modal.tsx","handleCreate",0,0,0,"components/teacher/create-quiz-modal.tsx#handleCreate:2216-5317"
"components/teacher/create-quiz-modal.tsx","anonymous",0,0,0,"components/teacher/create-quiz-modal.tsx#anonymous:3739-3770"
"components/teacher/create-quiz-modal.tsx","anonymous",0,0,0,"components/teacher/create-quiz-modal.tsx#anonymous:3789-3946"
"components/teacher/create-quiz-modal.tsx","anonymous",0,0,0,"components/teacher/create-quiz-modal.tsx#anonymous:4458-4501"
"components/teacher/create-quiz-modal.tsx","anonymous",0,0,0,"components/teacher/create-quiz-modal.tsx#anonymous:4653-4699"
"components/teacher/create-quiz-modal.tsx","anonymous",0,0,0,"components/teacher/create-quiz-modal.tsx#anonymous:6601-6632"
"components/teacher/create-quiz-modal.tsx","anonymous",0,0,0,"components/teacher/create-quiz-modal.tsx#anonymous:6997-7034"
"components/teacher/create-quiz-modal.tsx","anonymous",0,0,0,"components/teacher/create-quiz-modal.tsx#anonymous:7418-7452"
"components/teacher/create-quiz-modal.tsx","anonymous",0,0,0,"components/teacher/create-quiz-modal.tsx#anonymous:8116-8472"
"components/teacher/dashboard-content.tsx","TeacherDashboardContent",0,1,0,"components/teacher/dashboard-content.tsx#TeacherDashboardContent:783-11286"
"components/teacher/dashboard-content.tsx","anonymous",0,0,0,"components/teacher/dashboard-content.tsx#anonymous:1147-1196"
"components/teacher/dashboard-content.tsx","loadQuizzes",0,0,0,"components/teacher/dashboard-content.tsx#loadQuizzes:1224-2190"
"components/teacher/dashboard-content.tsx","anonymous",0,0,0,"components/teacher/dashboard-content.tsx#anonymous:1673-2026"
"components/teacher/dashboard-content.tsx","loadAnalytics",0,0,0,"components/teacher/dashboard-content.tsx#loadAnalytics:2215-2911"
"components/teacher/dashboard-content.tsx","anonymous",0,0,0,"components/teacher/dashboard-content.tsx#anonymous:2705-2769"
"components/teacher/dashboard-content.tsx","handleLogout",0,0,0,"components/teacher/dashboard-content.tsx#handleLogout:2935-3018"
"components/teacher/dashboard-content.tsx","handleQuizCreated",0,0,0,"components/teacher/dashboard-content.tsx#handleQuizCreated:3047-3107"
"components/teacher/dashboard-content.tsx","anonymous",0,0,0,"components/teacher/dashboard-content.tsx#anonymous:5288-5318"
"components/teacher/dashboard-content.tsx","anonymous",0,0,0,"components/teacher/dashboard-content.tsx#anonymous:6336-6357"
"components/teacher/dashboard-content.tsx","anonymous",0,0,0,"components/teacher/dashboard-content.tsx#anonymous:8746-8799"
"components/teacher/dashboard-content.tsx","anonymous",0,0,0,"components/teacher/dashboard-content.tsx#anonymous:9961-10807"
"components/teacher/dashboard-content.tsx","anonymous",0,0,0,"components/teacher/dashboard-content.tsx#anonymous:11181-11212"
"app/teacher/dashboard/page.tsx","TeacherDashboard",0,1,0,"app/teacher/dashboard/page.tsx#TeacherDashboard:176-699"
"components/teacher/quiz-analytics.tsx","QuizAnalytics",0,0,0,"components/teacher/quiz-analytics.tsx#QuizAnalytics:1037-12672"
"components/teacher/quiz-analytics.tsx","anonymous",0,0,0,"components/teacher/quiz-analytics.tsx#anonymous:1125-3668"
"components/teacher/quiz-analytics.tsx","anonymous",0,0,0,"components/teacher/quiz-analytics.tsx#anonymous:1521-1560"
"components/teacher/quiz-analytics.tsx","anonymous",0,0,0,"components/teacher/quiz-analytics.tsx#anonymous:1612-1627"
"components/teacher/quiz-analytics.tsx","anonymous",0,0,0,"components/teacher/quiz-analytics.tsx#anonymous:1785-1799"
"components/teacher/quiz-analytics.tsx","anonymous",0,0,0,"components/teacher/quiz-analytics.tsx#anonymous:1917-1931"
"components/teacher/quiz-analytics.tsx","anonymous",0,0,0,"components/teacher/quiz-analytics.tsx#anonymous:1967-1991"
"components/teacher/quiz-analytics.tsx","anonymous",0,0,0,"components/teacher/quiz-analytics.tsx#anonymous:2027-2051"
"components/teacher/quiz-analytics.tsx","anonymous",0,0,0,"components/teacher/quiz-analytics.tsx#anonymous:2087-2100"
"components/teacher/quiz-analytics.tsx","anonymous",0,0,0,"components/teacher/quiz-analytics.tsx#anonymous:2195-2847"
"components/teacher/quiz-analytics.tsx","anonymous",0,0,0,"components/teacher/quiz-analytics.tsx#anonymous:2254-2318"
"components/teacher/quiz-analytics.tsx","anonymous",0,0,0,"components/teacher/quiz-analytics.tsx#anonymous:2286-2317"
"components/teacher/quiz-analytics.tsx","anonymous",0,0,0,"components/teacher/quiz-analytics.tsx#anonymous:2374-2393"
"components/teacher/quiz-analytics.tsx","anonymous",0,0,0,"components/teacher/quiz-analytics.tsx#anonymous:3294-3408"
"components/teacher/quiz-analytics.tsx","anonymous",0,0,0,"components/teacher/quiz-analytics.tsx#anonymous:7096-7136"
"components/teacher/quiz-analytics.tsx","anonymous",0,0,0,"components/teacher/quiz-analytics.tsx#anonymous:7329-7444"
"components/teacher/quiz-analytics.tsx","anonymous",0,0,0,"components/teacher/quiz-analytics.tsx#anonymous:7856-8644"
"components/teacher/quiz-analytics.tsx","anonymous",0,0,0,"components/teacher/quiz-analytics.tsx#anonymous:9477-9499"
"components/teacher/quiz-analytics.tsx","anonymous",0,0,0,"components/teacher/quiz-analytics.tsx#anonymous:9995-11596"
"components/teacher/quiz-analytics.tsx","anonymous",0,0,0,"components/teacher/quiz-analytics.tsx#anonymous:12257-12279"
"app/teacher/quizzes/[id]/analyze/page.tsx","QuizAnalyticsPage",0,1,0,"app/teacher/quizzes/[id]/analyze/page.tsx#QuizAnalyticsPage:163-1161"
"components/teacher/edit-quiz-form.tsx","EditQuizForm",0,1,0,"components/teacher/edit-quiz-form.tsx#EditQuizForm:1080-15800"
"components/teacher/edit-quiz-form.tsx","handleAddQuestion",0,0,0,"components/teacher/edit-quiz-form.tsx#handleAddQuestion:1842-2298"
"components/teacher/edit-quiz-form.tsx","handleUpdateQuestion",0,0,0,"components/teacher/edit-quiz-form.tsx#handleUpdateQuestion:2330-2459"
"components/teacher/edit-quiz-form.tsx","anonymous",0,0,0,"components/teacher/edit-quiz-form.tsx#anonymous:2395-2453"
"components/teacher/edit-quiz-form.tsx","handleDeleteQuestion",0,0,0,"components/teacher/edit-quiz-form.tsx#handleDeleteQuestion:2491-2584"
"components/teacher/edit-quiz-form.tsx","anonymous",0,0,0,"components/teacher/edit-quiz-form.tsx#anonymous:2552-2578"
"components/teacher/edit-quiz-form.tsx","handleSave",0,0,0,"components/teacher/edit-quiz-form.tsx#handleSave:2606-5947"
"components/teacher/edit-quiz-form.tsx","anonymous",0,0,0,"components/teacher/edit-quiz-form.tsx#anonymous:4217-4248"
"components/teacher/edit-quiz-form.tsx","anonymous",0,0,0,"components/teacher/edit-quiz-form.tsx#anonymous:4267-4417"
"components/teacher/edit-quiz-form.tsx","anonymous",0,0,0,"components/teacher/edit-quiz-form.tsx#anonymous:4983-5026"
"components/teacher/edit-quiz-form.tsx","anonymous",0,0,0,"components/teacher/edit-quiz-form.tsx#anonymous:5179-5225"
"components/teacher/edit-quiz-form.tsx","anonymous",0,0,0,"components/teacher/edit-quiz-form.tsx#anonymous:5683-5722"
"components/teacher/edit-quiz-form.tsx","handlePublish",0,0,0,"components/teacher/edit-quiz-form.tsx#handlePublish:5972-7046"
"components/teacher/edit-quiz-form.tsx","anonymous",0,0,0,"components/teacher/edit-quiz-form.tsx#anonymous:6792-6831"
"components/teacher/edit-quiz-form.tsx","copyJoinCode",0,0,0,"components/teacher/edit-quiz-form.tsx#copyJoinCode:7070-7231"
"components/teacher/edit-quiz-form.tsx","anonymous",0,0,0,"components/teacher/edit-quiz-form.tsx#anonymous:7188-7214"
"components/teacher/edit-quiz-form.tsx","anonymous",0,0,0,"components/teacher/edit-quiz-form.tsx#anonymous:7542-7561"
"components/teacher/edit-quiz-form.tsx","anonymous",0,0,0,"components/teacher/edit-quiz-form.tsx#anonymous:8926-8957"
"components/teacher/edit-quiz-form.tsx","anonymous",0,0,0,"components/teacher/edit-quiz-form.tsx#anonymous:9318-9355"
"components/teacher/edit-quiz-form.tsx","anonymous",0,0,0,"components/teacher/edit-quiz-form.tsx#anonymous:9846-9880"
"components/teacher/edit-quiz-form.tsx","anonymous",0,0,0,"components/teacher/edit-quiz-form.tsx#anonymous:12593-12949"
"components/teacher/edit-quiz-form.tsx","anonymous",0,0,0,"components/teacher/edit-quiz-form.tsx#anonymous:14029-14055"
"components/teacher/edit-quiz-form.tsx","anonymous",0,0,0,"components/teacher/edit-quiz-form.tsx#anonymous:15521-15560"
"app/teacher/quizzes/[id]/edit/page.tsx","EditQuizPage",0,1,0,"app/teacher/quizzes/[id]/edit/page.tsx#EditQuizPage:162-1299"
"components/theme-provider.tsx","ThemeProvider",0,0,0,"components/theme-provider.tsx#ThemeProvider:140-291"
"components/ui/accordion.tsx","Accordion",0,0,0,"components/ui/accordion.tsx#Accordion:189-353"
"components/ui/accordion.tsx","AccordionItem",0,1,0,"components/ui/accordion.tsx#AccordionItem:353-625"
"components/ui/accordion.tsx","AccordionTrigger",0,1,0,"components/ui/accordion.tsx#AccordionTrigger:625-1520"
"components/ui/accordion.tsx","AccordionContent",0,1,0,"components/ui/accordion.tsx#AccordionContent:1520-1980"
"components/ui/alert.tsx","Alert",0,1,0,"components/ui/alert.tsx#Alert:686-963"
"components/ui/alert.tsx","AlertTitle",0,1,0,"components/ui/alert.tsx#AlertTitle:963-1240"
"components/ui/alert.tsx","AlertDescription",0,1,0,"components/ui/alert.tsx#AlertDescription:1240-1568"
"components/ui/aspect-ratio.tsx","AspectRatio",0,0,0,"components/ui/aspect-ratio.tsx#AspectRatio:82-255"
"components/ui/avatar.tsx","Avatar",0,1,0,"components/ui/avatar.tsx#Avatar:136-446"
"components/ui/avatar.tsx","AvatarImage",0,1,0,"components/ui/avatar.tsx#AvatarImage:446-709"
"components/ui/avatar.tsx","AvatarFallback",0,1,0,"components/ui/avatar.tsx#AvatarFallback:709-1050"
"components/ui/breadcrumb.tsx","Breadcrumb",0,0,0,"components/ui/breadcrumb.tsx#Breadcrumb:168-311"
"components/ui/breadcrumb.tsx","BreadcrumbList",0,1,0,"components/ui/breadcrumb.tsx#BreadcrumbList:311-623"
"components/ui/breadcrumb.tsx","BreadcrumbItem",0,1,0,"components/ui/breadcrumb.tsx#BreadcrumbItem:623-854"
"components/ui/breadcrumb.tsx","BreadcrumbLink",0,1,0,"components/ui/breadcrumb.tsx#BreadcrumbLink:854-1171"
"components/ui/breadcrumb.tsx","BreadcrumbPage",0,1,0,"components/ui/breadcrumb.tsx#BreadcrumbPage:1171-1472"
"components/ui/breadcrumb.tsx","BreadcrumbSeparator",0,1,0,"components/ui/breadcrumb.tsx#BreadcrumbSeparator:1472-1810"
"components/ui/breadcrumb.tsx","BreadcrumbEllipsis",0,1,0,"components/ui/breadcrumb.tsx#BreadcrumbEllipsis:1810-2214"
"components/ui/separator.tsx","Separator",0,1,0,"components/ui/separator.tsx#Separator:142-677"
"components/ui/button-group.tsx","ButtonGroup",0,1,0,"components/ui/button-group.tsx#ButtonGroup:949-1296"
"components/ui/button-group.tsx","ButtonGroupText",0,1,0,"components/ui/button-group.tsx#ButtonGroupText:1296-1728"
"components/ui/button-group.tsx","ButtonGroupSeparator",0,1,0,"components/ui/button-group.tsx#ButtonGroupSeparator:1728-2118"
"components/ui/calendar.tsx","Calendar",0,1,0,"components/ui/calendar.tsx#Calendar:309-5882"
"components/ui/calendar.tsx","formatMonthDropdown",0,0,0,"components/ui/calendar.tsx#formatMonthDropdown:1136-1207"
"components/ui/calendar.tsx","Root",0,1,0,"components/ui/calendar.tsx#Root:4690-4931"
"components/ui/calendar.tsx","Chevron",0,1,0,"components/ui/calendar.tsx#Chevron:4949-5499"
"components/ui/calendar.tsx","WeekNumber",0,0,0,"components/ui/calendar.tsx#WeekNumber:5558-5819"
"components/ui/calendar.tsx","CalendarDayButton",0,1,0,"components/ui/calendar.tsx#CalendarDayButton:5882-7638"
"components/ui/calendar.tsx","anonymous",0,0,0,"components/ui/calendar.tsx#anonymous:6124-6183"
"components/ui/carousel.tsx","useCarousel",0,0,0,"components/ui/carousel.tsx#useCarousel:956-1147"
"components/ui/carousel.tsx","Carousel",0,1,0,"components/ui/carousel.tsx#Carousel:1147-3167"
"components/ui/carousel.tsx","anonymous",0,0,0,"components/ui/carousel.tsx#anonymous:1630-1762"
"components/ui/carousel.tsx","anonymous",0,0,0,"components/ui/carousel.tsx#anonymous:1808-1841"
"components/ui/carousel.tsx","anonymous",0,0,0,"components/ui/carousel.tsx#anonymous:1890-1923"
"components/ui/carousel.tsx","anonymous",0,0,0,"components/ui/carousel.tsx#anonymous:1975-2233"
"components/ui/carousel.tsx","anonymous",0,0,0,"components/ui/carousel.tsx#anonymous:2288-2347"
"components/ui/carousel.tsx","anonymous",0,0,0,"components/ui/carousel.tsx#anonymous:2383-2556"
"components/ui/carousel.tsx","anonymous",0,0,0,"components/ui/carousel.tsx#anonymous:2503-2552"
"components/ui/carousel.tsx","CarouselContent",0,1,0,"components/ui/carousel.tsx#CarouselContent:3167-3620"
"components/ui/carousel.tsx","CarouselItem",0,1,0,"components/ui/carousel.tsx#CarouselItem:3620-4027"
"components/ui/carousel.tsx","CarouselPrevious",0,1,0,"components/ui/carousel.tsx#CarouselPrevious:4027-4740"
"components/ui/carousel.tsx","CarouselNext",0,1,0,"components/ui/carousel.tsx#CarouselNext:4740-5446"
"components/ui/chart.tsx","useChart",0,0,0,"components/ui/chart.tsx#useChart:573-761"
"components/ui/chart.tsx","ChartContainer",0,1,0,"components/ui/chart.tsx#ChartContainer:761-2202"
"components/ui/chart.tsx","ChartStyle",0,0,0,"components/ui/chart.tsx#ChartStyle:2222-2908"
"components/ui/chart.tsx","anonymous",0,0,0,"components/ui/chart.tsx#anonymous:2334-2383"
"components/ui/chart.tsx","anonymous",0,0,0,"components/ui/chart.tsx#anonymous:2549-2850"
"components/ui/chart.tsx","anonymous",0,0,0,"components/ui/chart.tsx#anonymous:2637-2830"
"components/ui/chart.tsx","ChartTooltipContent",0,1,0,"components/ui/chart.tsx#ChartTooltipContent:2956-7383"
"components/ui/chart.tsx","anonymous",0,1,0,"components/ui/chart.tsx#anonymous:3488-4182"
"components/ui/chart.tsx","anonymous",0,1,0,"components/ui/chart.tsx#anonymous:4724-7351"
"components/ui/chart.tsx","ChartLegendContent",0,1,0,"components/ui/chart.tsx#ChartLegendContent:7429-8713"
"components/ui/chart.tsx","anonymous",0,0,0,"components/ui/chart.tsx#anonymous:7974-8694"
"components/ui/chart.tsx","getPayloadConfigFromPayload",0,0,0,"components/ui/chart.tsx#getPayloadConfigFromPayload:8713-9665"
"components/ui/checkbox.tsx","Checkbox",0,1,0,"components/ui/checkbox.tsx#Checkbox:181-1205"
"components/ui/collapsible.tsx","Collapsible",0,0,0,"components/ui/collapsible.tsx#Collapsible:81-253"
"components/ui/collapsible.tsx","CollapsibleTrigger",0,0,0,"components/ui/collapsible.tsx#CollapsibleTrigger:253-494"
"components/ui/collapsible.tsx","CollapsibleContent",0,0,0,"components/ui/collapsible.tsx#CollapsibleContent:494-735"
"components/ui/dialog.tsx","Dialog",0,0,0,"components/ui/dialog.tsx#Dialog:173-325"
"components/ui/dialog.tsx","DialogTrigger",0,0,0,"components/ui/dialog.tsx#DialogTrigger:325-498"
"components/ui/dialog.tsx","DialogPortal",0,0,0,"components/ui/dialog.tsx#DialogPortal:498-667"
"components/ui/dialog.tsx","DialogClose",0,0,0,"components/ui/dialog.tsx#DialogClose:667-832"
"components/ui/dialog.tsx","DialogOverlay",0,1,0,"components/ui/dialog.tsx#DialogOverlay:832-1255"
"components/ui/dialog.tsx","DialogContent",0,1,0,"components/ui/dialog.tsx#DialogContent:1255-2728"
"components/ui/dialog.tsx","DialogHeader",0,1,0,"components/ui/dialog.tsx#DialogHeader:2728-2969"
"components/ui/dialog.tsx","DialogFooter",0,1,0,"components/ui/dialog.tsx#DialogFooter:2969-3245"
"components/ui/dialog.tsx","DialogTitle",0,1,0,"components/ui/dialog.tsx#DialogTitle:3245-3519"
"components/ui/dialog.tsx","DialogDescription",0,1,0,"components/ui/dialog.tsx#DialogDescription:3519-3812"
"components/ui/command.tsx","Command",0,1,0,"components/ui/command.tsx#Command:291-626"
"components/ui/command.tsx","CommandDialog",0,1,0,"components/ui/command.tsx#CommandDialog:626-1779"
"components/ui/command.tsx","CommandInput",0,1,0,"components/ui/command.tsx#CommandInput:1779-2402"
"components/ui/command.tsx","CommandList",0,1,0,"components/ui/command.tsx#CommandList:2402-2726"
"components/ui/command.tsx","CommandEmpty",0,0,0,"components/ui/command.tsx#CommandEmpty:2726-2964"
"components/ui/command.tsx","CommandGroup",0,1,0,"components/ui/command.tsx#CommandGroup:2964-3447"
"components/ui/command.tsx","CommandSeparator",0,1,0,"components/ui/command.tsx#CommandSeparator:3447-3727"
"components/ui/command.tsx","CommandItem",0,1,0,"components/ui/command.tsx#CommandItem:3727-4379"
"components/ui/command.tsx","CommandShortcut",0,1,0,"components/ui/command.tsx#CommandShortcut:4379-4666"
"components/ui/context-menu.tsx","ContextMenu",0,0,0,"components/ui/context-menu.tsx#ContextMenu:218-391"
"components/ui/context-menu.tsx","ContextMenuTrigger",0,0,0,"components/ui/context-menu.tsx#ContextMenuTrigger:391-595"
"components/ui/context-menu.tsx","ContextMenuGroup",0,0,0,"components/ui/context-menu.tsx#ContextMenuGroup:595-791"
"components/ui/context-menu.tsx","ContextMenuPortal",0,0,0,"components/ui/context-menu.tsx#ContextMenuPortal:791-991"
"components/ui/context-menu.tsx","ContextMenuSub",0,0,0,"components/ui/context-menu.tsx#ContextMenuSub:991-1169"
"components/ui/context-menu.tsx","ContextMenuRadioGroup",0,0,0,"components/ui/context-menu.tsx#ContextMenuRadioGroup:1169-1402"
"components/ui/context-menu.tsx","ContextMenuSubTrigger",0,1,0,"components/ui/context-menu.tsx#ContextMenuSubTrigger:1402-2237"
"components/ui/context-menu.tsx","ContextMenuSubContent",0,1,0,"components/ui/context-menu.tsx#ContextMenuSubContent:2237-3036"
"components/ui/context-menu.tsx","ContextMenuContent",0,1,0,"components/ui/context-menu.tsx#ContextMenuContent:3036-3979"
"components/ui/context-menu.tsx","ContextMenuItem",0,1,0,"components/ui/context-menu.tsx#ContextMenuItem:3979-5028"
"components/ui/context-menu.tsx","ContextMenuCheckboxItem",0,1,0,"components/ui/context-menu.tsx#ContextMenuCheckboxItem:5028-5998"
"components/ui/context-menu.tsx","ContextMenuRadioItem",0,1,0,"components/ui/context-menu.tsx#ContextMenuRadioItem:5998-6932"
"components/ui/context-menu.tsx","ContextMenuLabel",0,1,0,"components/ui/context-menu.tsx#ContextMenuLabel:6932-7341"
"components/ui/context-menu.tsx","ContextMenuSeparator",0,1,0,"components/ui/context-menu.tsx#ContextMenuSeparator:7341-7643"
"components/ui/context-menu.tsx","ContextMenuShortcut",0,1,0,"components/ui/context-menu.tsx#ContextMenuShortcut:7643-7939"
"components/ui/drawer.tsx","Drawer",0,0,0,"components/ui/drawer.tsx#Drawer:127-279"
"components/ui/drawer.tsx","DrawerTrigger",0,0,0,"components/ui/drawer.tsx#DrawerTrigger:279-452"
"components/ui/drawer.tsx","DrawerPortal",0,0,0,"components/ui/drawer.tsx#DrawerPortal:452-621"
"components/ui/drawer.tsx","DrawerClose",0,0,0,"components/ui/drawer.tsx#DrawerClose:621-786"
"components/ui/drawer.tsx","DrawerOverlay",0,1,0,"components/ui/drawer.tsx#DrawerOverlay:786-1209"
"components/ui/drawer.tsx","DrawerContent",0,1,0,"components/ui/drawer.tsx#DrawerContent:1209-2889"
"components/ui/drawer.tsx","DrawerHeader",0,1,0,"components/ui/drawer.tsx#DrawerHeader:2889-3295"
"components/ui/drawer.tsx","DrawerFooter",0,1,0,"components/ui/drawer.tsx#DrawerFooter:3295-3523"
"components/ui/drawer.tsx","DrawerTitle",0,1,0,"components/ui/drawer.tsx#DrawerTitle:3523-3792"
"components/ui/drawer.tsx","DrawerDescription",0,1,0,"components/ui/drawer.tsx#DrawerDescription:3792-4085"
"components/ui/dropdown-menu.tsx","DropdownMenu",0,0,0,"components/ui/dropdown-menu.tsx#DropdownMenu:220-397"
"components/ui/dropdown-menu.tsx","DropdownMenuPortal",0,0,0,"components/ui/dropdown-menu.tsx#DropdownMenuPortal:397-601"
"components/ui/dropdown-menu.tsx","DropdownMenuTrigger",0,0,0,"components/ui/dropdown-menu.tsx#DropdownMenuTrigger:601-825"
"components/ui/dropdown-menu.tsx","DropdownMenuContent",0,1,0,"components/ui/dropdown-menu.tsx#DropdownMenuContent:825-1826"
"components/ui/dropdown-menu.tsx","DropdownMenuGroup",0,0,0,"components/ui/dropdown-menu.tsx#DropdownMenuGroup:1826-2026"
"components/ui/dropdown-menu.tsx","DropdownMenuItem",0,1,0,"components/ui/dropdown-menu.tsx#DropdownMenuItem:2026-3079"
"components/ui/dropdown-menu.tsx","DropdownMenuCheckboxItem",0,1,0,"components/ui/dropdown-menu.tsx#DropdownMenuCheckboxItem:3079-4056"
"components/ui/dropdown-menu.tsx","DropdownMenuRadioGroup",0,0,0,"components/ui/dropdown-menu.tsx#DropdownMenuRadioGroup:4056-4293"
"components/ui/dropdown-menu.tsx","DropdownMenuRadioItem",0,1,0,"components/ui/dropdown-menu.tsx#DropdownMenuRadioItem:4293-5234"
"components/ui/dropdown-menu.tsx","DropdownMenuLabel",0,1,0,"components/ui/dropdown-menu.tsx#DropdownMenuLabel:5234-5631"
"components/ui/dropdown-menu.tsx","DropdownMenuSeparator",0,1,0,"components/ui/dropdown-menu.tsx#DropdownMenuSeparator:5631-5937"
"components/ui/dropdown-menu.tsx","DropdownMenuShortcut",0,1,0,"components/ui/dropdown-menu.tsx#DropdownMenuShortcut:5937-6235"
"components/ui/dropdown-menu.tsx","DropdownMenuSub",0,0,0,"components/ui/dropdown-menu.tsx#DropdownMenuSub:6235-6417"
"components/ui/dropdown-menu.tsx","DropdownMenuSubTrigger",0,1,0,"components/ui/dropdown-menu.tsx#DropdownMenuSubTrigger:6417-7270"
"components/ui/dropdown-menu.tsx","DropdownMenuSubContent",0,1,0,"components/ui/dropdown-menu.tsx#DropdownMenuSubContent:7270-8074"
"components/ui/empty.tsx","Empty",0,1,0,"components/ui/empty.tsx#Empty:99-430"
"components/ui/empty.tsx","EmptyHeader",0,1,0,"components/ui/empty.tsx#EmptyHeader:430-703"
"components/ui/empty.tsx","EmptyMedia",0,1,0,"components/ui/empty.tsx#EmptyMedia:1124-1443"
"components/ui/empty.tsx","EmptyTitle",0,1,0,"components/ui/empty.tsx#EmptyTitle:1443-1670"
"components/ui/empty.tsx","EmptyDescription",0,1,0,"components/ui/empty.tsx#EmptyDescription:1670-2001"
"components/ui/empty.tsx","EmptyContent",0,1,0,"components/ui/empty.tsx#EmptyContent:2001-2300"
"components/ui/field.tsx","FieldSet",0,1,0,"components/ui/field.tsx#FieldSet:245-576"
"components/ui/field.tsx","FieldLegend",0,1,0,"components/ui/field.tsx#FieldLegend:576-991"
"components/ui/field.tsx","FieldGroup",0,1,0,"components/ui/field.tsx#FieldGroup:991-1343"
"components/ui/field.tsx","Field",0,1,0,"components/ui/field.tsx#Field:2282-2617"
"components/ui/field.tsx","FieldContent",0,1,0,"components/ui/field.tsx#FieldContent:2617-2900"
"components/ui/field.tsx","FieldLabel",0,1,0,"components/ui/field.tsx#FieldLabel:2900-3545"
"components/ui/field.tsx","FieldTitle",0,1,0,"components/ui/field.tsx#FieldTitle:3545-3869"
"components/ui/field.tsx","FieldDescription",0,1,0,"components/ui/field.tsx#FieldDescription:3869-4361"
"components/ui/field.tsx","FieldSeparator",0,1,0,"components/ui/field.tsx#FieldSeparator:4361-5039"
"components/ui/field.tsx","FieldError",0,1,0,"components/ui/field.tsx#FieldError:5039-5896"
"components/ui/field.tsx","anonymous",0,0,0,"components/ui/field.tsx#anonymous:5226-5638"
"components/ui/field.tsx","anonymous",0,0,0,"components/ui/field.tsx#anonymous:5509-5604"
"components/ui/form.tsx","FormField",0,0,0,"components/ui/form.tsx#FormField:701-1024"
"components/ui/form.tsx","useFormField",0,0,0,"components/ui/form.tsx#useFormField:1046-1677"
"components/ui/form.tsx","FormItem",0,1,0,"components/ui/form.tsx#FormItem:1823-2138"
"components/ui/form.tsx","FormLabel",0,1,0,"components/ui/form.tsx#FormLabel:2138-2492"
"components/ui/form.tsx","FormControl",0,0,0,"components/ui/form.tsx#FormControl:2492-2915"
"components/ui/form.tsx","FormDescription",0,1,0,"components/ui/form.tsx#FormDescription:2915-3220"
"components/ui/form.tsx","FormMessage",0,1,0,"components/ui/form.tsx#FormMessage:3220-3637"
"components/ui/hover-card.tsx","HoverCard",0,0,0,"components/ui/hover-card.tsx#HoverCard:143-308"
"components/ui/hover-card.tsx","HoverCardTrigger",0,0,0,"components/ui/hover-card.tsx#HoverCardTrigger:308-504"
"components/ui/hover-card.tsx","HoverCardContent",0,1,0,"components/ui/hover-card.tsx#HoverCardContent:504-1474"
"components/ui/input-group.tsx","InputGroup",0,1,0,"components/ui/input-group.tsx#InputGroup:259-1553"
"components/ui/input-group.tsx","InputGroupAddon",0,1,0,"components/ui/input-group.tsx#InputGroupAddon:2436-2983"
"components/ui/input-group.tsx","anonymous",0,0,0,"components/ui/input-group.tsx#anonymous:2779-2952"
"components/ui/input-group.tsx","InputGroupButton",0,1,0,"components/ui/input-group.tsx#InputGroupButton:3498-3898"
"components/ui/input-group.tsx","InputGroupText",0,1,0,"components/ui/input-group.tsx#InputGroupText:3898-4210"
"components/ui/input-group.tsx","InputGroupInput",0,1,0,"components/ui/input-group.tsx#InputGroupInput:4210-4545"
"components/ui/input-group.tsx","InputGroupTextarea",0,1,0,"components/ui/input-group.tsx#InputGroupTextarea:4545-4906"
"components/ui/input-otp.tsx","InputOTP",0,1,0,"components/ui/input-otp.tsx#InputOTP:173-592"
"components/ui/input-otp.tsx","InputOTPGroup",0,1,0,"components/ui/input-otp.tsx#InputOTPGroup:592-809"
"components/ui/input-otp.tsx","InputOTPSlot",0,1,0,"components/ui/input-otp.tsx#InputOTPSlot:809-1995"
"components/ui/input-otp.tsx","InputOTPSeparator",0,0,0,"components/ui/input-otp.tsx#InputOTPSeparator:1995-2186"
"components/ui/item.tsx","ItemGroup",0,1,0,"components/ui/item.tsx#ItemGroup:228-467"
"components/ui/item.tsx","ItemSeparator",0,1,0,"components/ui/item.tsx#ItemSeparator:467-722"
"components/ui/item.tsx","Item",0,1,0,"components/ui/item.tsx#Item:1332-1760"
"components/ui/item.tsx","ItemMedia",0,1,0,"components/ui/item.tsx#ItemMedia:2333-2649"
"components/ui/item.tsx","ItemContent",0,1,0,"components/ui/item.tsx#ItemContent:2649-2934"
"components/ui/item.tsx","ItemTitle",0,1,0,"components/ui/item.tsx#ItemTitle:2934-3212"
"components/ui/item.tsx","ItemDescription",0,1,0,"components/ui/item.tsx#ItemDescription:3212-3595"
"components/ui/item.tsx","ItemActions",0,1,0,"components/ui/item.tsx#ItemActions:3595-3813"
"components/ui/item.tsx","ItemHeader",0,1,0,"components/ui/item.tsx#ItemHeader:3813-4081"
"components/ui/item.tsx","ItemFooter",0,1,0,"components/ui/item.tsx#ItemFooter:4081-4349"
"components/ui/kbd.tsx","Kbd",0,1,0,"components/ui/kbd.tsx#Kbd:32-617"
"components/ui/kbd.tsx","KbdGroup",0,1,0,"components/ui/kbd.tsx#KbdGroup:617-836"
"components/ui/menubar.tsx","Menubar",0,1,0,"components/ui/menubar.tsx#Menubar:209-538"
"components/ui/menubar.tsx","MenubarMenu",0,0,0,"components/ui/menubar.tsx#MenubarMenu:538-703"
"components/ui/menubar.tsx","MenubarGroup",0,0,0,"components/ui/menubar.tsx#MenubarGroup:703-872"
"components/ui/menubar.tsx","MenubarPortal",0,0,0,"components/ui/menubar.tsx#MenubarPortal:872-1045"
"components/ui/menubar.tsx","MenubarRadioGroup",0,0,0,"components/ui/menubar.tsx#MenubarRadioGroup:1045-1245"
"components/ui/menubar.tsx","MenubarTrigger",0,1,0,"components/ui/menubar.tsx#MenubarTrigger:1245-1721"
"components/ui/menubar.tsx","MenubarContent",0,1,0,"components/ui/menubar.tsx#MenubarContent:1721-2656"
"components/ui/menubar.tsx","MenubarItem",0,1,0,"components/ui/menubar.tsx#MenubarItem:2656-3688"
"components/ui/menubar.tsx","MenubarCheckboxItem",0,1,0,"components/ui/menubar.tsx#MenubarCheckboxItem:3688-4629"
"components/ui/menubar.tsx","MenubarRadioItem",0,1,0,"components/ui/menubar.tsx#MenubarRadioItem:4629-5534"
"components/ui/menubar.tsx","MenubarLabel",0,1,0,"components/ui/menubar.tsx#MenubarLabel:5534-5910"
"components/ui/menubar.tsx","MenubarSeparator",0,1,0,"components/ui/menubar.tsx#MenubarSeparator:5910-6195"
"components/ui/menubar.tsx","MenubarShortcut",0,1,0,"components/ui/menubar.tsx#MenubarShortcut:6195-6482"
"components/ui/menubar.tsx","MenubarSub",0,0,0,"components/ui/menubar.tsx#MenubarSub:6482-6643"
"components/ui/menubar.tsx","MenubarSubTrigger",0,1,0,"components/ui/menubar.tsx#MenubarSubTrigger:6643-7329"
"components/ui/menubar.tsx","MenubarSubContent",0,1,0,"components/ui/menubar.tsx#MenubarSubContent:7329-8106"
"components/ui/navigation-menu.tsx","NavigationMenu",0,1,0,"components/ui/navigation-menu.tsx#NavigationMenu:233-786"
"components/ui/navigation-menu.tsx","NavigationMenuList",0,1,0,"components/ui/navigation-menu.tsx#NavigationMenuList:786-1141"
"components/ui/navigation-menu.tsx","NavigationMenuItem",0,1,0,"components/ui/navigation-menu.tsx#NavigationMenuItem:1141-1418"
"components/ui/navigation-menu.tsx","NavigationMenuTrigger",0,1,0,"components/ui/navigation-menu.tsx#NavigationMenuTrigger:1975-2532"
"components/ui/navigation-menu.tsx","NavigationMenuContent",0,1,0,"components/ui/navigation-menu.tsx#NavigationMenuContent:2532-4251"
"components/ui/navigation-menu.tsx","NavigationMenuViewport",0,1,0,"components/ui/navigation-menu.tsx#NavigationMenuViewport:4251-5019"
"components/ui/navigation-menu.tsx","NavigationMenuLink",0,1,0,"components/ui/navigation-menu.tsx#NavigationMenuLink:5019-5782"
"components/ui/navigation-menu.tsx","NavigationMenuIndicator",0,1,0,"components/ui/navigation-menu.tsx#NavigationMenuIndicator:5782-6421"
"components/ui/pagination.tsx","Pagination",0,1,0,"components/ui/pagination.tsx#Pagination:220-500"
"components/ui/pagination.tsx","PaginationContent",0,1,0,"components/ui/pagination.tsx#PaginationContent:500-741"
"components/ui/pagination.tsx","PaginationItem",0,0,0,"components/ui/pagination.tsx#PaginationItem:741-867"
"components/ui/pagination.tsx","PaginationLink",0,1,0,"components/ui/pagination.tsx#PaginationLink:1002-1423"
"components/ui/pagination.tsx","PaginationPrevious",0,1,0,"components/ui/pagination.tsx#PaginationPrevious:1423-1810"
"components/ui/pagination.tsx","PaginationNext",0,1,0,"components/ui/pagination.tsx#PaginationNext:1810-2186"
"components/ui/pagination.tsx","PaginationEllipsis",0,1,0,"components/ui/pagination.tsx#PaginationEllipsis:2186-2567"
"components/ui/popover.tsx","Popover",0,0,0,"components/ui/popover.tsx#Popover:138-294"
"components/ui/popover.tsx","PopoverTrigger",0,0,0,"components/ui/popover.tsx#PopoverTrigger:294-471"
"components/ui/popover.tsx","PopoverContent",0,1,0,"components/ui/popover.tsx#PopoverContent:471-1395"
"components/ui/popover.tsx","PopoverAnchor",0,0,0,"components/ui/popover.tsx#PopoverAnchor:1395-1568"
"components/ui/progress.tsx","Progress",0,1,0,"components/ui/progress.tsx#Progress:140-719"
"components/ui/resizable.tsx","ResizablePanelGroup",0,1,0,"components/ui/resizable.tsx#ResizablePanelGroup:187-550"
"components/ui/resizable.tsx","ResizablePanel",0,0,0,"components/ui/resizable.tsx#ResizablePanel:550-727"
"components/ui/resizable.tsx","ResizableHandle",0,1,0,"components/ui/resizable.tsx#ResizableHandle:727-1964"
"components/ui/scroll-area.tsx","ScrollArea",0,1,0,"components/ui/scroll-area.tsx#ScrollArea:145-806"
"components/ui/scroll-area.tsx","ScrollBar",0,1,0,"components/ui/scroll-area.tsx#ScrollBar:806-1611"
"components/ui/sheet.tsx","Sheet",0,0,0,"components/ui/sheet.tsx#Sheet:172-318"
"components/ui/sheet.tsx","SheetTrigger",0,0,0,"components/ui/sheet.tsx#SheetTrigger:318-487"
"components/ui/sheet.tsx","SheetClose",0,0,0,"components/ui/sheet.tsx#SheetClose:487-648"
"components/ui/sheet.tsx","SheetPortal",0,0,0,"components/ui/sheet.tsx#SheetPortal:648-813"
"components/ui/sheet.tsx","SheetOverlay",0,1,0,"components/ui/sheet.tsx#SheetOverlay:813-1232"
"components/ui/sheet.tsx","SheetContent",0,1,0,"components/ui/sheet.tsx#SheetContent:1232-2960"
"components/ui/sheet.tsx","SheetHeader",0,1,0,"components/ui/sheet.tsx#SheetHeader:2960-3180"
"components/ui/sheet.tsx","SheetFooter",0,1,0,"components/ui/sheet.tsx#SheetFooter:3180-3406"
"components/ui/sheet.tsx","SheetTitle",0,1,0,"components/ui/sheet.tsx#SheetTitle:3406-3671"
"components/ui/sheet.tsx","SheetDescription",0,1,0,"components/ui/sheet.tsx#SheetDescription:3671-3960"
"hooks/use-mobile.ts","useIsMobile",1,0,0,"hooks/use-mobile.ts#useIsMobile:61-564"
"hooks/use-mobile.ts","anonymous",0,0,0,"hooks/use-mobile.ts#anonymous:195-536"
"hooks/use-mobile.ts","onChange",0,0,0,"hooks/use-mobile.ts#onChange:300-371"
"hooks/use-mobile.ts","anonymous",0,0,0,"hooks/use-mobile.ts#anonymous:482-532"
"components/ui/skeleton.tsx","Skeleton",0,1,0,"components/ui/skeleton.tsx#Skeleton:32-254"
"components/ui/tooltip.tsx","TooltipProvider",0,0,0,"components/ui/tooltip.tsx#TooltipProvider:138-402"
"components/ui/tooltip.tsx","Tooltip",0,0,0,"components/ui/tooltip.tsx#Tooltip:402-615"
"components/ui/tooltip.tsx","TooltipTrigger",0,0,0,"components/ui/tooltip.tsx#TooltipTrigger:615-792"
"components/ui/tooltip.tsx","TooltipContent",0,1,0,"components/ui/tooltip.tsx#TooltipContent:792-1823"
"components/ui/sidebar.tsx","useSidebar",0,0,0,"components/ui/sidebar.tsx#useSidebar:1237-1428"
"components/ui/sidebar.tsx","SidebarProvider",0,2,0,"components/ui/sidebar.tsx#SidebarProvider:1428-4273"
"components/ui/sidebar.tsx","anonymous",0,0,0,"components/ui/sidebar.tsx#anonymous:2037-2445"
"components/ui/sidebar.tsx","anonymous",0,0,0,"components/ui/sidebar.tsx#anonymous:2554-2645"
"components/ui/sidebar.tsx","anonymous",0,0,0,"components/ui/sidebar.tsx#anonymous:2598-2613"
"components/ui/sidebar.tsx","anonymous",0,0,0,"components/ui/sidebar.tsx#anonymous:2625-2640"
"components/ui/sidebar.tsx","anonymous",0,0,0,"components/ui/sidebar.tsx#anonymous:2755-3127"
"components/ui/sidebar.tsx","handleKeyDown",0,0,0,"components/ui/sidebar.tsx#handleKeyDown:2788-2998"
"components/ui/sidebar.tsx","anonymous",0,0,0,"components/ui/sidebar.tsx#anonymous:3064-3123"
"components/ui/sidebar.tsx","anonymous",0,0,0,"components/ui/sidebar.tsx#anonymous:3400-3536"
"components/ui/sidebar.tsx","Sidebar",0,1,0,"components/ui/sidebar.tsx#Sidebar:4273-7792"
"components/ui/sidebar.tsx","SidebarTrigger",0,1,0,"components/ui/sidebar.tsx#SidebarTrigger:7792-8313"
"components/ui/sidebar.tsx","anonymous",0,0,0,"components/ui/sidebar.tsx#anonymous:8122-8191"
"components/ui/sidebar.tsx","SidebarRail",0,1,0,"components/ui/sidebar.tsx#SidebarRail:8313-9474"
"components/ui/sidebar.tsx","SidebarInset",0,1,0,"components/ui/sidebar.tsx#SidebarInset:9474-9967"
"components/ui/sidebar.tsx","SidebarInput",0,1,0,"components/ui/sidebar.tsx#SidebarInput:9967-10240"
"components/ui/sidebar.tsx","SidebarHeader",0,1,0,"components/ui/sidebar.tsx#SidebarHeader:10240-10490"
"components/ui/sidebar.tsx","SidebarFooter",0,1,0,"components/ui/sidebar.tsx#SidebarFooter:10490-10740"
"components/ui/sidebar.tsx","SidebarSeparator",0,1,0,"components/ui/sidebar.tsx#SidebarSeparator:10740-11026"
"components/ui/sidebar.tsx","SidebarContent",0,1,0,"components/ui/sidebar.tsx#SidebarContent:11026-11375"
"components/ui/sidebar.tsx","SidebarGroup",0,1,0,"components/ui/sidebar.tsx#SidebarGroup:11375-11640"
"components/ui/sidebar.tsx","SidebarGroupLabel",0,1,0,"components/ui/sidebar.tsx#SidebarGroupLabel:11640-12312"
"components/ui/sidebar.tsx","SidebarGroupAction",0,1,0,"components/ui/sidebar.tsx#SidebarGroupAction:12312-13120"
"components/ui/sidebar.tsx","SidebarGroupContent",0,1,0,"components/ui/sidebar.tsx#SidebarGroupContent:13120-13385"
"components/ui/sidebar.tsx","SidebarMenu",0,1,0,"components/ui/sidebar.tsx#SidebarMenu:13385-13638"
"components/ui/sidebar.tsx","SidebarMenuItem",0,1,0,"components/ui/sidebar.tsx#SidebarMenuItem:13638-13895"
"components/ui/sidebar.tsx","SidebarMenuButton",0,1,0,"components/ui/sidebar.tsx#SidebarMenuButton:15326-16394"
"components/ui/sidebar.tsx","SidebarMenuAction",0,1,0,"components/ui/sidebar.tsx#SidebarMenuAction:16394-17679"
"components/ui/sidebar.tsx","SidebarMenuBadge",0,1,0,"components/ui/sidebar.tsx#SidebarMenuBadge:17679-18448"
"components/ui/sidebar.tsx","SidebarMenuSkeleton",0,1,0,"components/ui/sidebar.tsx#SidebarMenuSkeleton:18448-19315"
"components/ui/sidebar.tsx","anonymous",0,0,0,"components/ui/sidebar.tsx#anonymous:18653-18717"
"components/ui/sidebar.tsx","SidebarMenuSub",0,1,0,"components/ui/sidebar.tsx#SidebarMenuSub:19315-19712"
"components/ui/sidebar.tsx","SidebarMenuSubItem",0,1,0,"components/ui/sidebar.tsx#SidebarMenuSubItem:19712-19988"
"components/ui/sidebar.tsx","SidebarMenuSubButton",0,1,0,"components/ui/sidebar.tsx#SidebarMenuSubButton:19988-21190"
"components/ui/slider.tsx","Slider",0,1,0,"components/ui/slider.tsx#Slider:136-1970"
"components/ui/slider.tsx","anonymous",0,0,0,"components/ui/slider.tsx#anonymous:317-456"
"components/ui/slider.tsx","anonymous",0,0,0,"components/ui/slider.tsx#anonymous:1558-1934"
"components/ui/sonner.tsx","Toaster",0,0,0,"components/ui/sonner.tsx#Toaster:126-543"
"components/ui/spinner.tsx","Spinner",0,1,0,"components/ui/spinner.tsx#Spinner:76-310"
"components/ui/switch.tsx","Switch",0,1,0,"components/ui/switch.tsx#Switch:136-1154"
"components/ui/table.tsx","Table",0,1,0,"components/ui/table.tsx#Table:78-413"
"components/ui/table.tsx","TableHeader",0,1,0,"components/ui/table.tsx#TableHeader:413-627"
"components/ui/table.tsx","TableBody",0,1,0,"components/ui/table.tsx#TableBody:627-848"
"components/ui/table.tsx","TableFooter",0,1,0,"components/ui/table.tsx#TableFooter:848-1127"
"components/ui/table.tsx","TableRow",0,1,0,"components/ui/table.tsx#TableRow:1127-1414"
"components/ui/table.tsx","TableHead",0,1,0,"components/ui/table.tsx#TableHead:1414-1774"
"components/ui/table.tsx","TableCell",0,1,0,"components/ui/table.tsx#TableCell:1774-2090"
"components/ui/table.tsx","TableCaption",0,1,0,"components/ui/table.tsx#TableCaption:2090-2333"
"components/ui/toast.tsx","anonymous",0,1,0,"components/ui/toast.tsx#anonymous:445-726"
"components/ui/toast.tsx","anonymous",0,1,0,"components/ui/toast.tsx#anonymous:1902-2089"
"components/ui/toast.tsx","anonymous",0,1,0,"components/ui/toast.tsx#anonymous:2300-2964"
"components/ui/toast.tsx","anonymous",0,1,0,"components/ui/toast.tsx#anonymous:3180-3745"
"components/ui/toast.tsx","anonymous",0,1,0,"components/ui/toast.tsx#anonymous:3959-4110"
"components/ui/toast.tsx","anonymous",0,1,0,"components/ui/toast.tsx#anonymous:4342-4496"
"hooks/use-toast.ts","genId",0,0,0,"hooks/use-toast.ts#genId:530-626"
"hooks/use-toast.ts","addToRemoveQueue",0,0,0,"hooks/use-toast.ts#addToRemoveQueue:1156-1442"
"hooks/use-toast.ts","anonymous",0,0,0,"hooks/use-toast.ts#anonymous:1261-1380"
"hooks/use-toast.ts","reducer",0,0,0,"hooks/use-toast.ts#reducer:1466-2724"
"hooks/use-toast.ts","anonymous",0,0,0,"hooks/use-toast.ts#anonymous:1761-1834"
"hooks/use-toast.ts","anonymous",0,0,0,"hooks/use-toast.ts#anonymous:2145-2204"
"hooks/use-toast.ts","anonymous",0,0,0,"hooks/use-toast.ts#anonymous:2281-2438"
"hooks/use-toast.ts","anonymous",0,0,0,"hooks/use-toast.ts#anonymous:2678-2708"
"hooks/use-toast.ts","dispatch",0,0,0,"hooks/use-toast.ts#dispatch:2818-2969"
"hooks/use-toast.ts","anonymous",0,0,0,"hooks/use-toast.ts#anonymous:2921-2966"
"hooks/use-toast.ts","toast",0,0,0,"hooks/use-toast.ts#toast:3008-3496"
"hooks/use-toast.ts","update",0,0,0,"hooks/use-toast.ts#update:3086-3192"
"hooks/use-toast.ts","dismiss",0,0,0,"hooks/use-toast.ts#dismiss:3210-3265"
"hooks/use-toast.ts","onOpenChange",0,0,0,"hooks/use-toast.ts#onOpenChange:3379-3428"
"hooks/use-toast.ts","useToast",1,0,0,"hooks/use-toast.ts#useToast:3496-3916"
"hooks/use-toast.ts","anonymous",0,0,0,"hooks/use-toast.ts#anonymous:3602-3782"
"hooks/use-toast.ts","anonymous",0,0,0,"hooks/use-toast.ts#anonymous:3649-3778"
"hooks/use-toast.ts","dismiss",0,0,0,"hooks/use-toast.ts#dismiss:3842-3909"
"components/ui/toaster.tsx","Toaster",0,1,0,"components/ui/toaster.tsx#Toaster:189-785"
"components/ui/toaster.tsx","anonymous",0,0,0,"components/ui/toaster.tsx#anonymous:301-732"
"components/ui/toggle.tsx","Toggle",0,1,0,"components/ui/toggle.tsx#Toggle:1218-1535"
"components/ui/toggle-group.tsx","ToggleGroup",0,1,0,"components/ui/toggle-group.tsx#ToggleGroup:399-1031"
"components/ui/toggle-group.tsx","ToggleGroupItem",0,1,0,"components/ui/toggle-group.tsx#ToggleGroupItem:1031-1885"
"components/ui/use-mobile.tsx","useIsMobile",0,0,0,"components/ui/use-mobile.tsx#useIsMobile:61-564"
"components/ui/use-mobile.tsx","anonymous",0,0,0,"components/ui/use-mobile.tsx#anonymous:195-536"
"components/ui/use-mobile.tsx","onChange",0,0,0,"components/ui/use-mobile.tsx#onChange:300-371"
"components/ui/use-mobile.tsx","anonymous",0,0,0,"components/ui/use-mobile.tsx#anonymous:482-532"
"components/ui/use-toast.ts","genId",0,0,0,"components/ui/use-toast.ts#genId:530-626"
"components/ui/use-toast.ts","addToRemoveQueue",0,0,0,"components/ui/use-toast.ts#addToRemoveQueue:1156-1442"
"components/ui/use-toast.ts","anonymous",0,0,0,"components/ui/use-toast.ts#anonymous:1261-1380"
"components/ui/use-toast.ts","reducer",0,0,0,"components/ui/use-toast.ts#reducer:1466-2724"
"components/ui/use-toast.ts","anonymous",0,0,0,"components/ui/use-toast.ts#anonymous:1761-1834"
"components/ui/use-toast.ts","anonymous",0,0,0,"components/ui/use-toast.ts#anonymous:2145-2204"
"components/ui/use-toast.ts","anonymous",0,0,0,"components/ui/use-toast.ts#anonymous:2281-2438"
"components/ui/use-toast.ts","anonymous",0,0,0,"components/ui/use-toast.ts#anonymous:2678-2708"
"components/ui/use-toast.ts","dispatch",0,0,0,"components/ui/use-toast.ts#dispatch:2818-2969"
"components/ui/use-toast.ts","anonymous",0,0,0,"components/ui/use-toast.ts#anonymous:2921-2966"
"components/ui/use-toast.ts","toast",0,0,0,"components/ui/use-toast.ts#toast:3008-3496"
"components/ui/use-toast.ts","update",0,0,0,"components/ui/use-toast.ts#update:3086-3192"
"components/ui/use-toast.ts","dismiss",0,0,0,"components/ui/use-toast.ts#dismiss:3210-3265"
"components/ui/use-toast.ts","onOpenChange",0,0,0,"components/ui/use-toast.ts#onOpenChange:3379-3428"
"components/ui/use-toast.ts","useToast",0,0,0,"components/ui/use-toast.ts#useToast:3496-3916"
"components/ui/use-toast.ts","anonymous",0,0,0,"components/ui/use-toast.ts#anonymous:3602-3782"
"components/ui/use-toast.ts","anonymous",0,0,0,"components/ui/use-toast.ts#anonymous:3649-3778"
"components/ui/use-toast.ts","dismiss",0,0,0,"components/ui/use-toast.ts#dismiss:3842-3909"
"lib/supabase/middleware.ts","updateSession",0,0,0,"lib/supabase/middleware.ts#updateSession:111-937"
"lib/supabase/middleware.ts","getAll",0,0,0,"lib/supabase/middleware.ts#getAll:391-462"
"lib/supabase/middleware.ts","setAll",0,0,0,"lib/supabase/middleware.ts#setAll:463-617"
"lib/supabase/middleware.ts","anonymous",0,0,0,"lib/supabase/middleware.ts#anonymous:526-606"